USA300HOU_0001,E
USA300HOU_0002,E
USA300HOU_0003,E
USA300HOU_0005,E
USA300HOU_0006,E
USA300HOU_0009,E
USA300HOU_0015,E
USA300HOU_0017,E
USA300HOU_0018,E
USA300HOU_0020,E
USA300HOU_0021,E
USA300HOU_0223,E
USA300HOU_0225,E
USA300HOU_0226,E
USA300HOU_0227,E
USA300HOU_0336,E
USA300HOU_0345,E
USA300HOU_0348,E
USA300HOU_0349,E
USA300HOU_0350,E
USA300HOU_0374,E
USA300HOU_0375,E
USA300HOU_0413,E
USA300HOU_0442,E
USA300HOU_0444,E
USA300HOU_0445,E
USA300HOU_0451,E
USA300HOU_0454,E
USA300HOU_0461,E
USA300HOU_0471,E
USA300HOU_0472,E
USA300HOU_0474,E
USA300HOU_0475,E
USA300HOU_0481,E
USA300HOU_0482,E
USA300HOU_0484,E
USA300HOU_0485,E
USA300HOU_0486,E
USA300HOU_0489,E
USA300HOU_0490,E
USA300HOU_0491,E
USA300HOU_0493,E
USA300HOU_0509,E
USA300HOU_0510,E
USA300HOU_0511,E
USA300HOU_0516,E
USA300HOU_0518,E
USA300HOU_0519,E
USA300HOU_0520,E
USA300HOU_0521,E
USA300HOU_0524,E
USA300HOU_0525,E
USA300HOU_0527,E
USA300HOU_0528,E
USA300HOU_0529,E
USA300HOU_0530,E
USA300HOU_0549,E
USA300HOU_0574,E
USA300HOU_0575,E
USA300HOU_0577,E
USA300HOU_0578,E
USA300HOU_0579,E
USA300HOU_0610,E
USA300HOU_0611,E
USA300HOU_0620,E
USA300HOU_0640,E
USA300HOU_0641,E
USA300HOU_0642,E
USA300HOU_0643,E
USA300HOU_0645,E
USA300HOU_0728,E
USA300HOU_0741,E
USA300HOU_0742,E
USA300HOU_0743,E
USA300HOU_0752,E
USA300HOU_0760,E
USA300HOU_0762,E
USA300HOU_0769,E
USA300HOU_0771,E
USA300HOU_0778,E
USA300HOU_0781,E
USA300HOU_0785,E
USA300HOU_0788,E
USA300HOU_0790,E
USA300HOU_0793,E
USA300HOU_0795,E
USA300HOU_0796,E
USA300HOU_0797,E
USA300HOU_0798,E
USA300HOU_0799,E
USA300HOU_0803,E
USA300HOU_0804,E
USA300HOU_0832,E
USA300HOU_0847,E
USA300HOU_0848,E
USA300HOU_0849,E
USA300HOU_0850,E
USA300HOU_0851,E
USA300HOU_0868,E
USA300HOU_0869,E
USA300HOU_0870,E
USA300HOU_0871,E
USA300HOU_0872,E
USA300HOU_0881,E
USA300HOU_0884,E
USA300HOU_0885,E
USA300HOU_0886,E
USA300HOU_0887,E
USA300HOU_0888,E
USA300HOU_0889,E
USA300HOU_0892,E
USA300HOU_0900,E
USA300HOU_0903,E
USA300HOU_0904,E
USA300HOU_0905,E
USA300HOU_0920,E
USA300HOU_0921,E
USA300HOU_0922,E
USA300HOU_0933,E
USA300HOU_0934,E
USA300HOU_0943,E
USA300HOU_0947,E
USA300HOU_0953,E
USA300HOU_0954,E
USA300HOU_0957,E
USA300HOU_0980,E
USA300HOU_0981,E
USA300HOU_0982,E
USA300HOU_0983,E
USA300HOU_0985,E
USA300HOU_0998,E
USA300HOU_1000,E
USA300HOU_1002,E
USA300HOU_1028,E
USA300HOU_1035,E
USA300HOU_1036,E
USA300HOU_1038,E
USA300HOU_1040,E
USA300HOU_1041,E
USA300HOU_1042,E
USA300HOU_1043,E
USA300HOU_1050,E
USA300HOU_1063,E
USA300HOU_1075,E
USA300HOU_1077,E
USA300HOU_1078,E
USA300HOU_1092,E
USA300HOU_1093,E
USA300HOU_1100,E
USA300HOU_1106,E
USA300HOU_1119,E
USA300HOU_1142,E
USA300HOU_1143,E
USA300HOU_1144,E
USA300HOU_1145,E
USA300HOU_1146,E
USA300HOU_1147,E
USA300HOU_1148,E
USA300HOU_1149,E
USA300HOU_1150,E
USA300HOU_1154,E
USA300HOU_1158,E
USA300HOU_1159,E
USA300HOU_1163,E
USA300HOU_1166,E
USA300HOU_1168,E
USA300HOU_1169,E
USA300HOU_1170,E
USA300HOU_1171,E
USA300HOU_1172,E
USA300HOU_1176,E
USA300HOU_1178,E
USA300HOU_1179,E
USA300HOU_1183,E
USA300HOU_1188,E
USA300HOU_1189,E
USA300HOU_1190,E
USA300HOU_1191,E
USA300HOU_1194,E
USA300HOU_1197,E
USA300HOU_1198,E
USA300HOU_1199,E
USA300HOU_1200,E
USA300HOU_1201,E
USA300HOU_1205,E
USA300HOU_1207,E
USA300HOU_1208,E
USA300HOU_1209,E
USA300HOU_1210,E
USA300HOU_1211,E
USA300HOU_1214,E
USA300HOU_1216,E
USA300HOU_1218,E
USA300HOU_1222,E
USA300HOU_1228,E
USA300HOU_1230,E
USA300HOU_1232,E
USA300HOU_1234,E
USA300HOU_1235,E
USA300HOU_1236,E
USA300HOU_1237,E
USA300HOU_1238,E
USA300HOU_1239,E
USA300HOU_1240,E
USA300HOU_1241,E
USA300HOU_1243,E
USA300HOU_1244,E
USA300HOU_1245,E
USA300HOU_1246,E
USA300HOU_1249,E
USA300HOU_1250,E
USA300HOU_1252,E
USA300HOU_1259,E
USA300HOU_1260,E
USA300HOU_1262,E
USA300HOU_1265,E
USA300HOU_1267,E
USA300HOU_1285,E
USA300HOU_1287,E
USA300HOU_1333,E
USA300HOU_1337,E
USA300HOU_1350,E
USA300HOU_1351,E
USA300HOU_1352,E
USA300HOU_1359,E
USA300HOU_1361,E
USA300HOU_1362,E
USA300HOU_1373,E
USA300HOU_1374,E
USA300HOU_1424,E
USA300HOU_1434,E
USA300HOU_1435,E
USA300HOU_1462,E
USA300HOU_1466,E
USA300HOU_1467,E
USA300HOU_1470,E
USA300HOU_1473,E
USA300HOU_1474,E
USA300HOU_1477,E
USA300HOU_1481,E
USA300HOU_1482,E
USA300HOU_1483,E
USA300HOU_1487,E
USA300HOU_1488,E
USA300HOU_1490,E
USA300HOU_1491,E
USA300HOU_1492,E
USA300HOU_1496,E
USA300HOU_1501,E
USA300HOU_1504,E
USA300HOU_1591,E
USA300HOU_1592,E
USA300HOU_1598,E
USA300HOU_1599,E
USA300HOU_1605,E
USA300HOU_1612,E
USA300HOU_1613,E
USA300HOU_1614,E
USA300HOU_1619,E
USA300HOU_1623,E
USA300HOU_1624,E
USA300HOU_1625,E
USA300HOU_1627,E
USA300HOU_1635,E
USA300HOU_1659,E
USA300HOU_1661,E
USA300HOU_1662,E
USA300HOU_1663,E
USA300HOU_1666,E
USA300HOU_1668,E
USA300HOU_1670,E
USA300HOU_1672,E
USA300HOU_1678,E
USA300HOU_1682,E
USA300HOU_1683,E
USA300HOU_1684,E
USA300HOU_1690,E
USA300HOU_1697,E
USA300HOU_1698,E
USA300HOU_1699,E
USA300HOU_1700,E
USA300HOU_1701,E
USA300HOU_1714,E
USA300HOU_1720,E
USA300HOU_1721,E
USA300HOU_1722,E
USA300HOU_1725,E
USA300HOU_1726,E
USA300HOU_1727,E
USA300HOU_1737,E
USA300HOU_1738,E
USA300HOU_1739,E
USA300HOU_1741,E
USA300HOU_1742,E
USA300HOU_1746,E
USA300HOU_1750,E
USA300HOU_1751,E
USA300HOU_1753,E
USA300HOU_1755,E
USA300HOU_1756,E
USA300HOU_1757,E
USA300HOU_1766,E
USA300HOU_1767,E
USA300HOU_1770,E
USA300HOU_1772,E
USA300HOU_1773,E
USA300HOU_1774,E
USA300HOU_1776,E
USA300HOU_1777,E
USA300HOU_1778,E
USA300HOU_1782,E
USA300HOU_1783,E
USA300HOU_1784,E
USA300HOU_1785,E
USA300HOU_1786,E
USA300HOU_1787,E
USA300HOU_1788,E
USA300HOU_1789,E
USA300HOU_1791,E
USA300HOU_1792,E
USA300HOU_1793,E
USA300HOU_1795,E
USA300HOU_1806,E
USA300HOU_1807,E
USA300HOU_1808,E
USA300HOU_1809,E
USA300HOU_1811,E
USA300HOU_1827,E
USA300HOU_1828,E
USA300HOU_1829,E
USA300HOU_1837,E
USA300HOU_1839,E
USA300HOU_1856,E
USA300HOU_1858,E
USA300HOU_1865,E
USA300HOU_1866,E
USA300HOU_1871,E
USA300HOU_1875,E
USA300HOU_1908,E
USA300HOU_1909,E
USA300HOU_1915,E
USA300HOU_1916,E
USA300HOU_1928,E
USA300HOU_1930,E
USA300HOU_1961,E
USA300HOU_1962,E
USA300HOU_1973,E
USA300HOU_1979,E
USA300HOU_2102,E
USA300HOU_2106,E
USA300HOU_2107,E
USA300HOU_2114,E
USA300HOU_2116,E
USA300HOU_2117,E
USA300HOU_2118,E
USA300HOU_2122,E
USA300HOU_2123,E
USA300HOU_2132,E
USA300HOU_2133,E
USA300HOU_2140,E
USA300HOU_2143,E
USA300HOU_2151,E
USA300HOU_2152,E
USA300HOU_2254,E
USA300HOU_2255,E
USA300HOU_2260,E
USA300HOU_2277,E
USA300HOU_2278,E
USA300HOU_2279,E
USA300HOU_2280,E
USA300HOU_2306,E
USA300HOU_2317,E
USA300HOU_2318,E
USA300HOU_2327,E
USA300HOU_2336,E
USA300HOU_2337,E
USA300HOU_2357,E
USA300HOU_2359,E
USA300HOU_2361,E
USA300HOU_2366,E
USA300HOU_2368,E
USA300HOU_2369,E
USA300HOU_2371,E
USA300HOU_2399,E
USA300HOU_2400,E
USA300HOU_2405,E
USA300HOU_2407,E
USA300HOU_2409,E
USA300HOU_2477,E
USA300HOU_2478,E
USA300HOU_2480,E
USA300HOU_2483,E
USA300HOU_2484,E
USA300HOU_2485,E
USA300HOU_2486,E
USA300HOU_2487,E
USA300HOU_2488,E
USA300HOU_2489,E
USA300HOU_2490,E
USA300HOU_2491,E
USA300HOU_2492,E
USA300HOU_2493,E
USA300HOU_2494,E
USA300HOU_2495,E
USA300HOU_2496,E
USA300HOU_2498,E
USA300HOU_2499,E
USA300HOU_2500,E
USA300HOU_2501,E
USA300HOU_2502,E
USA300HOU_2503,E
USA300HOU_2504,E
USA300HOU_2505,E
USA300HOU_2506,E
USA300HOU_2507,E
USA300HOU_2508,E
USA300HOU_2509,E
USA300HOU_2510,E
USA300HOU_2511,E
USA300HOU_2512,E
USA300HOU_2512a,E
USA300HOU_2515,E
USA300HOU_2527,E
USA300HOU_2528,E
USA300HOU_2571,E
USA300HOU_2572,E
USA300HOU_2575,E
USA300HOU_2612,E
USA300HOU_2623,E
USA300HOU_2720,E
USA300HOU_2757,E
USA300HOU_2791,E
USA300HOU_2793,E
USA300HOU_2805,E
USA300HOU_2859,E
USA300HOU_2860,E
USA300HOU_3049,E
USA300HOU_3052,E
USA300HOU_3053,E
USA300HOU_3054,E
USA300HOU_3055,E
USA300HOU_A01514,E
,E