HP0001,NE
HP0002,NE
HP0003,NE
HP0004,NE
HP0005,NE
HP0006,E
HP0008,NE
HP0009,NE
HP0010,NE
HP0011,NE
HP0012,NE
HP0013,NE
HP0014,NE
HP0015,NE
HP0016,NE
HP0017,NE
HP0018,NE
HP0019,NE
HP0020,E
HP0020,NE
HP0021,NE
HP0022,NE
HP0023,NE
HP0024,E
HP0025,NE
HP0026,NE
HP0027,NE
HP0028,E
HP0029,NE
HP0030,NE
HP0031,NE
HP0032,NE
HP0033,NE
HP0034,E
HP0035,E
HP0036,NE
HP0037,NE
HP0038,NE
HP0041,NE
HP0042,NE
HP0043,NE
HP0044,NE
HP0045,NE
HP0047,NE
HP0048,NE
HP0049,NE
HP0050,NE
HP0051,NE
HP0052,NE
HP0053,NE
HP0054,NE
HP0055,NE
HP0056,NE
HP0057,NE
HP0059,NE
HP0060,NE
HP0061,E
HP0062,NE
HP0063,NE
HP0064,NE
HP0065,E
HP0066,NE
HP0067,NE
HP0068,NE
HP0069,NE
HP0070,NE
HP0071,NE
HP0072,NE
HP0073,NE
HP0074,E
HP0074,NE
HP0075,E
HP0076,E
HP0077,NE
HP0078,NE
HP0079,NE
HP0080,NE
HP0082,NE
HP0083,NE
HP0084,E
HP0085,NE
HP0086,E
HP0086,NE
HP0087,NE
HP0088,NE
HP0089,NE
HP0090,NE
HP0091,NE
HP0092,E
HP0093,NE
HP0094,NE
HP0095,E
HP0096,NE
HP0097,NE
HP0098,NE
HP0099,NE
HP0100,NE
HP0101,NE
HP0102,NE
HP0103,NE
HP0104,NE
HP0105,NE
HP0106,NE
HP0107,NE
HP0109,E
HP0110,E
HP0111,NE
HP0112,NE
HP0113,NE
HP0114,NE
HP0115,NE
HP0116,NE
HP0117,NE
HP0118,NE
HP0119,NE
HP0120,NE
HP0121,NE
HP0122,E
HP0123,E
HP0124,E
HP0125,E
HP0126,E
HP0127,NE
HP0128,NE
HP0129,NE
HP0130,NE
HP0131,NE
HP0132,NE
HP0133,NE
HP0134,NE
HP0135,NE
HP0136,NE
HP0137,NE
HP0138,NE
HP0139,NE
HP0140,NE
HP0141,NE
HP0142,NE
HP0144,NE
HP0145,NE
HP0146,E
HP0147,E
HP0148,E
HP0149,NE
HP0150,NE
HP0151,NE
HP0152,NE
HP0153,E
HP0154,NE
HP0155,NE
HP0156,NE
HP0157,E
HP0158,NE
HP0159,NE
HP0160,NE
HP0161,NE
HP0162,NE
HP0163,NE
HP0164,E
HP0165,NE
HP0166,NE
HP0167,NE
HP0168,NE
HP0169,NE
HP0170,NE
HP0171,NE
HP0172,NE
HP0173,NE
HP0174,NE
HP0175,E
HP0176,NE
HP0177,NE
HP0178,NE
HP0179,NE
HP0180,NE
HP0181,NE
HP0182,E
HP0183,NE
HP0184,NE
HP0185,NE
HP0186,NE
HP0187,NE
HP0188,E
HP0189,NE
HP0190,E
HP0191,NE
HP0192,NE
HP0193,NE
HP0194,NE
HP0195,NE
HP0196,E
HP0197,E
HP0198,NE
HP0199,NE
HP0200,E
HP0201,E
HP0202,NE
HP0203,NE
HP0204,NE
HP0205,NE
HP0206,NE
HP0207,NE
HP0209,NE
HP0210,NE
HP0211,NE
HP0212,NE
HP0213,NE
HP0214,NE
HP0215,NE
HP0216,NE
HP0218,E
HP0219,NE
HP0220,NE
HP0221,E
HP0222,E
HP0223,NE
HP0224,NE
HP0225,NE
HP0226,E
HP0227,NE
HP0228,NE
HP0229,NE
HP0230,NE
HP0231,NE
HP0232,NE
HP0233,NE
HP0234,NE
HP0235,NE
HP0236,NE
HP0237,E
HP0238,NE
HP0239,NE
HP0240,E
HP0241,NE
HP0242,E
HP0243,NE
HP0244,NE
HP0245,NE
HP0246,NE
HP0247,NE
HP0248,NE
HP0249,NE
HP0250,NE
HP0251,NE
HP0253,NE
HP0254,NE
HP0255,NE
HP0256,NE
HP0257,NE
HP0258,NE
HP0259,NE
HP0260,NE
HP0261,NE
HP0262,NE
HP0263,NE
HP0264,NE
HP0265,E
HP0266,NE
HP0267,NE
HP0268,E
HP0269,E
HP0270,NE
HP0271,NE
HP0272,E
HP0273,NE
HP0274,NE
HP0275,E
HP0276,E
HP0277,E
HP0278,NE
HP0279,E
HP0280,NE
HP0281,NE
HP0282,NE
HP0283,NE
HP0284,NE
HP0285,NE
HP0286,NE
HP0287,NE
HP0288,E
HP0289,E
HP0290,E
HP0291,NE
HP0292,NE
HP0293,NE
HP0294,NE
HP0295,NE
HP0296,NE
HP0297,E
HP0298,E
HP0299,NE
HP0300,E
HP0301,E
HP0302,NE
HP0303,NE
HP0304,NE
HP0305,NE
HP0306,NE
HP0307,NE
HP0308,NE
HP0309,NE
HP0310,NE
HP0311,NE
HP0312,NE
HP0313,NE
HP0315,E
HP0317,NE
HP0318,NE
HP0319,NE
HP0320,NE
HP0321,E
HP0322,NE
HP0323,E
HP0324,NE
HP0325,E
HP0326,NE
HP0327,NE
HP0328,NE
HP0329,NE
HP0330,NE
HP0331,NE
HP0332,NE
HP0333,E
HP0334,NE
HP0336,E
HP0337,NE
HP0338,NE
HP0339,NE
HP0340,NE
HP0341,NE
HP0342,NE
HP0343,NE
HP0344,NE
HP0345,NE
HP0346,NE
HP0347,NE
HP0348,NE
HP0349,NE
HP0350,NE
HP0351,NE
HP0352,E
HP0353,NE
HP0354,NE
HP0355,NE
HP0356,NE
HP0357,NE
HP0358,NE
HP0359,E
HP0360,NE
HP0361,NE
HP0362,NE
HP0363,E
HP0364,NE
HP0365,NE
HP0366,NE
HP0367,NE
HP0368,NE
HP0369,NE
HP0370,NE
HP0371,NE
HP0372,NE
HP0372,NE
HP0373,NE
HP0374,NE
HP0375,NE
HP0376,NE
HP0377,NE
HP0378,E
HP0379,NE
HP0380,NE
HP0381,NE
HP0382,NE
HP0383,NE
HP0384,NE
HP0385,NE
HP0386,E
HP0387,NE
HP0388,E
HP0389,NE
HP0390,NE
HP0391,NE
HP0392,NE
HP0393,NE
HP0394,NE
HP0395,E
HP0396,NE
HP0397,NE
HP0398,NE
HP0399,NE
HP0400,NE
HP0401,NE
HP0402,NE
HP0403,E
HP0404,NE
HP0405,E
HP0406,NE
HP0407,NE
HP0408,E
HP0409,E
HP0410,NE
HP0411,NE
HP0412,NE
HP0415,NE
HP0416,NE
HP0417,NE
HP0418,E
HP0419,E
HP0420,NE
HP0421,NE
HP0422,NE
HP0423,NE
HP0424,NE
HP0425,NE
HP0426,NE
HP0427,NE
HP0428,NE
HP0430,NE
HP0431,NE
HP0432,NE
HP0438,NE
HP0439,E
HP0440,NE
HP0445,E
HP0453,NE
HP0454,NE
HP0456,E
HP0457,NE
HP0460,E
HP0462,NE
HP0463,NE
HP0464,NE
HP0465,NE
HP0466,E
HP0467,NE
HP0468,NE
HP0469,E
HP0470,E
HP0470,NE
HP0471,NE
HP0472,NE
HP0473,NE
HP0474,NE
HP0475,NE
HP0476,NE
HP0477,NE
HP0478,NE
HP0479,NE
HP0480,NE
HP0481,NE
HP0482,NE
HP0484,NE
HP0485,NE
HP0486,NE
HP0487,NE
HP0488,E
HP0489,E
HP0490,NE
HP0491,E
HP0492,NE
HP0493,NE
HP0494,NE
HP0495,NE
HP0496,NE
HP0497,NE
HP0498,NE
HP0499,NE
HP0500,E
HP0501,NE
HP0502,NE
HP0503,NE
HP0504,NE
HP0505,E
HP0506,NE
HP0507,E
HP0508,NE
HP0509,E
HP0509,NE
HP0510,E
HP0514,NE
HP0515,NE
HP0516,NE
HP0517,NE
HP0518,NE
HP0519,NE
HP0520,NE
HP0522,NE
HP0523,NE
HP0524,NE
HP0525,NE
HP0526,NE
HP0527,NE
HP0528,NE
HP0529,NE
HP0530,NE
HP0531,NE
HP0532,E
HP0534,NE
HP0535,NE
HP0536,NE
HP0537,NE
HP0538,NE
HP0539,NE
HP0540,NE
HP0541,NE
HP0542,NE
HP0543,NE
HP0544,NE
HP0545,E
HP0546,NE
HP0547,NE
HP0549,NE
HP0550,NE
HP0551,E
HP0552,NE
HP0553,NE
HP0554,E
HP0555,NE
HP0556,NE
HP0557,NE
HP0558,NE
HP0559,E
HP0561,NE
HP0563,NE
HP0564,NE
HP0565,NE
HP0566,NE
HP0567,NE
HP0568,NE
HP0569,NE
HP0570,NE
HP0572,E
HP0573,E
HP0574,E
HP0575,NE
HP0576,NE
HP0577,NE
HP0578,NE
HP0579,NE
HP0580,NE
HP0581,NE
HP0582,NE
HP0583,E
HP0584,NE
HP0585,NE
HP0586,E
HP0587,E
HP0588,E
HP0588,NE
HP0589,E
HP0589,E
HP0590,E
HP0590,E
HP0591,E
HP0591,E
HP0592,NE
HP0593,NE
HP0594,NE
HP0595,NE
HP0596,NE
HP0597,E
HP0598,E
HP0599,NE
HP0600,NE
HP0601,NE
HP0602,NE
HP0603,NE
HP0604,NE
HP0605,E
HP0606,NE
HP0607,NE
HP0608,NE
HP0609,NE
HP0610,NE
HP0611,NE
HP0612,NE
HP0613,NE
HP0614,E
HP0615,NE
HP0616,NE
HP0616,NE
HP0617,NE
HP0618,NE
HP0620,NE
HP0621,NE
HP0622,NE
HP0623,NE
HP0624,NE
HP0625,NE
HP0626,NE
HP0627,NE
HP0628,NE
HP0629,NE
HP0630,NE
HP0631,NE
HP0632,NE
HP0633,NE
HP0634,NE
HP0635,NE
HP0637,NE
HP0638,NE
HP0639,NE
HP0640,NE
HP0641,E
HP0642,NE
HP0643,NE
HP0644,E
HP0645,NE
HP0646,E
HP0647,E
HP0648,E
HP0649,NE
HP0650,E
HP0652,NE
HP0653,NE
HP0654,NE
HP0655,NE
HP0656,E
HP0657,E
HP0657,NE
HP0658,E
HP0658,E
HP0659,NE
HP0660,NE
HP0661,E
HP0662,E
HP0663,E
HP0664,E
HP0665,NE
HP0666,NE
HP0667,NE
HP0668,NE
HP0669,NE
HP0671,NE
HP0672,NE
HP0673,NE
HP0675,NE
HP0676,NE
HP0677,NE
HP0679,NE
HP0680,NE
HP0683,NE
HP0684,E
HP0685,NE
HP0686,NE
HP0687,NE
HP0689,NE
HP0690,NE
HP0691,NE
HP0692,NE
HP0693,NE
HP0694,NE
HP0695,NE
HP0696,NE
HP0697,NE
HP0698,NE
HP0699,NE
HP0700,E
HP0701,NE
HP0702,NE
HP0703,NE
HP0705,NE
HP0706,NE
HP0707,E
HP0708,E
HP0709,NE
HP0710,NE
HP0711,NE
HP0712,NE
HP0713,NE
HP0714,NE
HP0715,NE
HP0716,E
HP0717,NE
HP0718,NE
HP0719,NE
HP0720,NE
HP0721,NE
HP0722,NE
HP0723,NE
HP0724,NE
HP0725,NE
HP0726,NE
HP0727,NE
HP0728,NE
HP0729,E
HP0730,NE
HP0731,NE
HP0733,NE
HP0734,NE
HP0735,E
HP0735,NE
HP0736,E
HP0737,E
HP0738,E
HP0739,NE
HP0740,E
HP0740,E
HP0741,NE
HP0742,E
HP0743,NE
HP0745,E
HP0746,E
HP0747,NE
HP0748,E
HP0749,E
HP0750,E
HP0751,NE
HP0752,NE
HP0753,NE
HP0754,NE
HP0755,NE
HP0756,NE
HP0757,NE
HP0758,NE
HP0759,NE
HP0760,E
HP0761,E
HP0762,NE
HP0763,E
HP0764,NE
HP0767,E
HP0768,NE
HP0769,NE
HP0770,NE
HP0771,NE
HP0772,NE
HP0773,E
HP0774,NE
HP0775,E
HP0776,E
HP0777,NE
HP0778,NE
HP0779,NE
HP0780,NE
HP0781,NE
HP0782,NE
HP0783,NE
HP0785,E
HP0785,NE
HP0786,NE
HP0787,NE
HP0788,NE
HP0789,NE
HP0790,NE
HP0791,E
HP0792,NE
HP0793,E
HP0794,NE
HP0795,NE
HP0796,NE
HP0797,NE
HP0798,E
HP0799,E
HP0800,NE
HP0801,NE
HP0801,NE
HP0802,NE
HP0803,NE
HP0804,NE
HP0805,NE
HP0806,NE
HP0807,E
HP0808,E
HP0808,NE
HP0809,E
HP0810,NE
HP0811,E
HP0812,NE
HP0813,NE
HP0814,NE
HP0816,NE
HP0817,NE
HP0818,NE
HP0819,NE
HP0820,E
HP0821,NE
HP0822,NE
HP0823,NE
HP0824,NE
HP0825,NE
HP0826,NE
HP0827,NE
HP0828,NE
HP0829,NE
HP0830,E
HP0830,NE
HP0831,E
HP0832,NE
HP0832,NE
HP0833,NE
HP0834,NE
HP0835,E
HP0836,NE
HP0837,NE
HP0838,NE
HP0839,NE
HP0840,NE
HP0841,NE
HP0842,NE
HP0843,NE
HP0844,NE
HP0845,NE
HP0846,NE
HP0849,E
HP0850,NE
HP0851,E
HP0852,E
HP0853,NE
HP0854,E
HP0857,NE
HP0858,E
HP0859,NE
HP0860,E
HP0861,NE
HP0862,NE
HP0863,NE
HP0864,NE
HP0865,NE
HP0866,E
HP0867,NE
HP0868,E
HP0869,NE
HP0870,NE
HP0871,NE
HP0872,NE
HP0873,NE
HP0874,NE
HP0875,NE
HP0876,NE
HP0877,NE
HP0878,NE
HP0879,NE
HP0880,E
HP0883,NE
HP0884,NE
HP0885,NE
HP0886,NE
HP0887,NE
HP0888,NE
HP0889,NE
HP0890,NE
HP0891,NE
HP0892,NE
HP0893,NE
HP0895,NE
HP0896,NE
HP0897,NE
HP0898,NE
HP0899,NE
HP0900,NE
HP0901,NE
HP0902,NE
HP0907,NE
HP0908,NE
HP0909,NE
HP0910,NE
HP0911,NE
HP0912,NE
HP0913,NE
HP0914,NE
HP0915,NE
HP0916,NE
HP0917,NE
HP0918,NE
HP0919,NE
HP0920,E
HP0921,NE
HP0922,NE
HP0923,NE
HP0924,NE
HP0925,NE
HP0926,NE
HP0927,E
HP0928,E
HP0929,E
HP0930,NE
HP0931,E
HP0932,E
HP0933,NE
HP0934,NE
HP0935,E
HP0936,NE
HP0937,NE
HP0938,NE
HP0939,NE
HP0940,NE
HP0941,E
HP0942,NE
HP0943,NE
HP0944,NE
HP0946,NE
HP0947,NE
HP0948,NE
HP0949,NE
HP0950,NE
HP0951,NE
HP0952,NE
HP0953,NE
HP0954,NE
HP0955,NE
HP0956,E
HP0957,E
HP0958,NE
HP0959,E
HP0960,NE
HP0961,NE
HP0962,NE
HP0963,E
HP0965,NE
HP0966,NE
HP0969,NE
HP0970,NE
HP0971,NE
HP0972,NE
HP0973,E
HP0974,NE
HP0975,E
HP0976,NE
HP0977,NE
HP0978,NE
HP0979,E
HP0980,NE
HP0981,NE
HP0982,NE
HP0983,NE
HP0984,E
HP0985,NE
HP0986,NE
HP0988,NE
HP0989,NE
HP0993,E
HP0997,NE
HP0998,NE
HP0999,NE
HP1000,NE
HP1001,NE
HP1002,NE
HP1003,NE
HP1004,NE
HP1005,NE
HP1006,NE
HP1009,NE
HP1010,NE
HP1011,NE
HP1012,E
HP1013,E
HP1014,NE
HP1015,NE
HP1016,E
HP1017,E
HP1019,E
HP1020,NE
HP1021,NE
HP1021,NE
HP1022,NE
HP1023,NE
HP1024,NE
HP1025,NE
HP1026,NE
HP1027,NE
HP1027,NE
HP1028,NE
HP1029,NE
HP1030,NE
HP1031,NE
HP1032,NE
HP1033,NE
HP1034,E
HP1035,NE
HP1036,NE
HP1037,NE
HP1038,E
HP1038,E
HP1039,NE
HP1040,E
HP1041,NE
HP1042,NE
HP1043,NE
HP1044,NE
HP1045,NE
HP1046,NE
HP1047,E
HP1048,NE
HP1049,NE
HP1050,NE
HP1051,NE
HP1052,E
HP1053,E
HP1054,E
HP1055,E
HP1056,E
HP1057,E
HP1058,E
HP1059,E
HP1060,E
HP1061,E
HP1062,NE
HP1063,NE
HP1064,E
HP1065,E
HP1066,NE
HP1067,E
HP1068,NE
HP1069,E
HP1070,E
HP1071,NE
HP1072,NE
HP1073,NE
HP1075,NE
HP1076,E
HP1077,NE
HP1080,NE
HP1081,NE
HP1082,NE
HP1083,NE
HP1084,NE
HP1085,E
HP1086,E
HP1087,E
HP1088,NE
HP1089,E
HP1090,NE
HP1091,NE
HP1092,NE
HP1093,E
HP1094,NE
HP1095,NE
HP1096,NE
HP1097,NE
HP1098,NE
HP1099,E
HP1099,NE
HP1100,E
HP1100,NE
HP1101,NE
HP1102,E
HP1103,NE
HP1104,NE
HP1105,NE
HP1106,NE
HP1107,NE
HP1108,E
HP1108,E
HP1109,E
HP1109,NE
HP1110,E
HP1110,NE
HP1111,E
HP1111,NE
HP1112,NE
HP1113,NE
HP1114,NE
HP1115,NE
HP1116,NE
HP1117,NE
HP1118,NE
HP1119,NE
HP1120,NE
HP1121,NE
HP1122,NE
HP1123,NE
HP1124,NE
HP1125,NE
HP1126,NE
HP1127,E
HP1129,E
HP1130,E
HP1131,E
HP1132,E
HP1133,E
HP1134,NE
HP1135,E
HP1136,E
HP1137,E
HP1138,NE
HP1138,NE
HP1139,E
HP1140,E
HP1140,NE
HP1141,NE
HP1143,NE
HP1144,NE
HP1145,NE
HP1146,NE
HP1147,NE
HP1148,NE
HP1149,E
HP1150,E
HP1151,NE
HP1152,NE
HP1153,E
HP1154,NE
HP1155,NE
HP1156,NE
HP1157,NE
HP1158,NE
HP1159,E
HP1159,NE
HP1160,NE
HP1161,E
HP1162,NE
HP1163,E
HP1164,E
HP1164,NE
HP1165,NE
HP1166,NE
HP1167,NE
HP1168,NE
HP1169,NE
HP1170,E
HP1171,NE
HP1172,NE
HP1173,NE
HP1174,NE
HP1175,NE
HP1177,NE
HP1178,NE
HP1179,NE
HP1180,NE
HP1181,NE
HP1182,NE
HP1183,NE
HP1184,NE
HP1185,NE
HP1186,NE
HP1187,NE
HP1188,NE
HP1189,NE
HP1190,E
HP1191,NE
HP1192,NE
HP1193,NE
HP1194,NE
HP1195,NE
HP1196,E
HP1197,E
HP1198,NE
HP1199,NE
HP1200,NE
HP1201,NE
HP1202,E
HP1203,E
HP1204,NE
HP1205,NE
HP1206,E
HP1207,NE
HP1208,NE
HP1210,NE
HP1211,NE
HP1212,NE
HP1213,NE
HP1214,NE
HP1215,NE
HP1216,E
HP1217,E
HP1218,NE
HP1219,E
HP1220,NE
HP1221,NE
HP1222,NE
HP1223,NE
HP1224,NE
HP1225,NE
HP1226,NE
HP1227,NE
HP1228,NE
HP1229,E
HP1230,E
HP1231,E
HP1231,E
HP1232,NE
HP1233,NE
HP1234,E
HP1235,NE
HP1236,E
HP1237,NE
HP1238,NE
HP1239,E
HP1240,E
HP1241,NE
HP1242,NE
HP1243,NE
HP1244,E
HP1245,E
HP1246,E
HP1247,E
HP1248,NE
HP1249,E
HP1250,NE
HP1251,NE
HP1252,NE
HP1253,E
HP1254,E
HP1255,NE
HP1256,NE
HP1257,E
HP1257,NE
HP1258,NE
HP1259,NE
HP1260,NE
HP1261,E
HP1262,NE
HP1263,NE
HP1264,E
HP1265,E
HP1266,E
HP1267,NE
HP1268,E
HP1269,NE
HP1270,E
HP1271,NE
HP1272,NE
HP1273,NE
HP1274,NE
HP1275,NE
HP1276,NE
HP1277,NE
HP1278,NE
HP1279,NE
HP1280,NE
HP1281,NE
HP1282,NE
HP1283,NE
HP1284,NE
HP1285,NE
HP1286,NE
HP1287,NE
HP1289,E
HP1290,NE
HP1291,NE
HP1292,E
HP1293,NE
HP1294,NE
HP1295,NE
HP1296,NE
HP1297,E
HP1298,E
HP1299,E
HP1300,E
HP1301,E
HP1302,E
HP1303,NE
HP1304,NE
HP1305,NE
HP1306,E
HP1307,E
HP1308,E
HP1309,E
HP1310,NE
HP1311,E
HP1312,NE
HP1313,E
HP1314,E
HP1315,NE
HP1317,NE
HP1318,E
HP1319,NE
HP1320,E
HP1321,E
HP1322,NE
HP1323,NE
HP1324,NE
HP1325,NE
HP1326,NE
HP1327,NE
HP1328,NE
HP1329,NE
HP1330,NE
HP1331,NE
HP1332,NE
HP1333,NE
HP1334,NE
HP1335,NE
HP1336,NE
HP1337,NE
HP1338,E
HP1339,E
HP1340,E
HP1341,NE
HP1342,NE
HP1343,NE
HP1344,NE
HP1345,NE
HP1346,NE
HP1347,NE
HP1348,E
HP1349,E
HP1350,NE
HP1351,NE
HP1352,NE
HP1353,NE
HP1354,NE
HP1355,NE
HP1356,NE
HP1357,E
HP1358,NE
HP1359,E
HP1360,E
HP1361,NE
HP1362,NE
HP1363,NE
HP1364,NE
HP1364,NE
HP1365,NE
HP1371,NE
HP1372,E
HP1372,NE
HP1373,NE
HP1374,NE
HP1375,E
HP1376,NE
HP1377,NE
HP1378,NE
HP1379,NE
HP1380,NE
HP1381,NE
HP1382,NE
HP1384,E
HP1385,E
HP1385,E
HP1386,E
HP1387,NE
HP1388,E
HP1391,NE
HP1392,NE
HP1393,NE
HP1394,NE
HP1395,NE
HP1396,NE
HP1397,NE
HP1398,NE
HP1399,NE
HP1400,NE
HP1401,NE
HP1402,NE
HP1403,NE
HP1405,E
HP1406,NE
HP1407,NE
HP1408,NE
HP1409,NE
HP1410,NE
HP1411,NE
HP1412,NE
HP1413,E
HP1414,E
HP1415,NE
HP1416,NE
HP1418,E
HP1418,NE
HP1419,E
HP1420,NE
HP1421,E
HP1423,NE
HP1424,NE
HP1427,NE
HP1428,NE
HP1429,NE
HP1430,NE
HP1431,NE
HP1432,NE
HP1433,NE
HP1434,NE
HP1435,NE
HP1436,E
HP1437,NE
HP1439,E
HP1440,NE
HP1441,NE
HP1442,E
HP1443,NE
HP1444,NE
HP1445,E
HP1446,E
HP1447,E
HP1448,E
HP1448,E
HP1449,E
HP1450,E
HP1451,E
HP1452,NE
HP1453,NE
HP1454,NE
HP1455,NE
HP1456,E
HP1457,NE
HP1458,NE
HP1459,NE
HP1460,NE
HP1461,NE
HP1462,NE
HP1463,NE
HP1464,NE
HP1465,NE
HP1466,NE
HP1467,NE
HP1468,NE
HP1469,NE
HP1470,NE
HP1471,NE
HP1473,E
HP1474,NE
HP1475,NE
HP1476,NE
HP1477,NE
HP1478,E
HP1479,NE
HP1480,E
HP1481,E
HP1482,E
HP1483,E
HP1484,E
HP1485,NE
HP1486,NE
HP1487,NE
HP1488,NE
HP1489,NE
HP1490,NE
HP1491,NE
HP1492,NE
HP1493,E
HP1494,NE
HP1495,NE
HP1495,NE
HP1496,NE
HP1497,E
HP1498,NE
HP1500,NE
HP1501,NE
HP1502,NE
HP1503,NE
HP1504,E
HP1505,NE
HP1506,NE
HP1507,NE
HP1509,NE
HP1510,E
HP1511,NE
HP1512,NE
HP1513,NE
HP1514,E
HP1518,E
HP1521,NE
HP1523,E
HP1524,E
HP1525,NE
HP1526,NE
HP1527,NE
HP1528,NE
HP1529,NE
HP1530,NE
HP1531,E
HP1532,NE
HP1533,NE
HP1534,NE
HP1535,NE
HP1536,E
HP1537,NE
HP1538,NE
HP1539,E
HP1540,NE
HP1541,NE
HP1542,NE
HP1543,NE
HP1544,NE
HP1545,NE
HP1546,E
HP1547,NE
HP1548,E
HP1549,NE
HP1550,NE
HP1551,E
HP1552,E
HP1553,E
HP1553,E
HP1554,E
HP1555,NE
HP1556,NE
HP1557,E
HP1558,NE
HP1559,NE
HP1560,NE
HP1562,NE
HP1563,E
HP1563,NE
HP1564,NE
HP1565,NE
HP1566,E
HP1567,E
HP1568,NE
HP1569,E
HP1570,E
HP1571,E
HP1572,NE
HP1573,NE
HP1574,NE
HP1575,NE
HP1576,NE
HP1577,NE
HP1578,NE
HP1579,NE
HP1580,E
HP1581,NE
HP1582,NE
HP1583,NE
HP1584,NE
HP1585,NE
HP1586,NE
HP1587,NE
HP1588,NE
HP1589,NE
HP1590,NE
