Rv0001,E
Rv0002,E
Rv0005,E
Rv0006,E
Rv0013,E
Rv0014c,E
Rv0015c,E
Rv0018c,E
Rv0020c,E
Rv0023,E
Rv0032,F
Rv0041,E
Rv0046c,E
Rv0053,E
Rv0058,E
Rv0060,E
Rv0066c,E
Rv0069c,F
Rv0085,E
Rv0086,E
Rv0087,F
Rv0092,F
Rv0098,E
Rv0099,E
Rv0100,E
Rv0101,E
Rv0102,E
Rv0109,F
Rv0112,E
Rv0118c,E
Rv0119,E
Rv0123,E
Rv0127,E
Rv0153c,F
Rv0169,E
Rv0170,E
Rv0171,E
Rv0173,E
Rv0175,E
Rv0176,E
Rv0189c,E
Rv0192A,S
Rv0199,E
Rv0204c,E
Rv0205,E
Rv0206c,E
Rv0208c,E
Rv0211,E
Rv0216,E
Rv0218,E
Rv0224c,E
Rv0225,E
Rv0226c,E
Rv0227c,E
Rv0228,E
Rv0235c,F
Rv0236A,S
Rv0236c,E
Rv0247c,E
Rv0248c,E
Rv0249c,E
Rv0260c,E
Rv0278c,F
Rv0282,E
Rv0283,E
Rv0284,E
Rv0285,E
Rv0286,E
Rv0287,E
Rv0288,E
Rv0289,E
Rv0290,E
Rv0291,E
Rv0292,E
Rv0311,E
Rv0312,E
Rv0326,E
Rv0334,E
Rv0335c,E
Rv0337c,E
Rv0338c,E
Rv0347,E
Rv0350,E
Rv0351,E
Rv0352,E
Rv0357c,E
Rv0358,E
Rv0363c,E
Rv0364,E
Rv0372c,E
Rv0374c,F
Rv0376c,F
Rv0382c,E
Rv0383c,E
Rv0384c,E
Rv0399c,E
Rv0400c,E
Rv0404,E
Rv0405,E
Rv0410c,E
Rv0411c,E
Rv0412c,E
Rv0414c,E
Rv0415,E
Rv0416,E
Rv0417,E
Rv0422c,E
Rv0423c,E
Rv0425c,E
Rv0427c,E
Rv0429c,E
Rv0430,E
Rv0431,E
Rv0440,E
Rv0450c,E
Rv0451c,E
Rv0455c,E
Rv0456A,S
Rv0457c,F
Rv0462,E
Rv0470c,E
Rv0479c,E
Rv0482,E
Rv0486,E
Rv0489,E
Rv0490,E
Rv0497,E
Rv0500,E
Rv0500B,S
Rv0505c,E
Rv0509,E
Rv0510,E
Rv0511,E
Rv0512,E
Rv0524,E
Rv0525,E
Rv0526,E
Rv0527,E
Rv0528,E
Rv0529,E
Rv0534c,E
Rv0540,E
Rv0541c,E
Rv0542c,E
Rv0548c,E
Rv0553,E
Rv0555,E
Rv0556,E
Rv0557,E
Rv0558,E
Rv0562,E
Rv0563,E
Rv0566c,E
Rv0585c,F
Rv0588,E
Rv0590A,S
Rv0596c,E
Rv0607,E
Rv0609A,S
Rv0627,E
Rv0628c,E
Rv0632c,F
Rv0634B,U
Rv0635,E
Rv0636,E
Rv0638,E
Rv0639,E
Rv0640,E
Rv0643c,E
Rv0647c,E
Rv0651,E
Rv0652,E
Rv0655,E
Rv0663,F
Rv0666,E
Rv0667,E
Rv0668,E
Rv0670,E
Rv0674,E
Rv0675,E
Rv0682,E
Rv0683,E
Rv0684,E
Rv0685,E
Rv0687,E
Rv0696,F
Rv0697,E
Rv0700,E
Rv0701,E
Rv0702,E
Rv0703,E
Rv0704,E
Rv0705,E
Rv0706,E
Rv0707,E
Rv0708,E
Rv0709,E
Rv0710,E
Rv0714,E
Rv0715,E
Rv0716,E
Rv0718,E
Rv0719,E
Rv0720,E
Rv0721,E
Rv0722,E
Rv0732,E
Rv0736,E
Rv0744c,E
Rv0749A,S
Rv0754,F
Rv0755c,E
Rv0757,F
Rv0768,F
Rv0772,E
Rv0777,E
Rv0780,E
Rv0781,E
Rv0782,F
Rv0785,F
Rv0788,E
Rv0798c,E
Rv0803,E
Rv0808,E
Rv0809,E
Rv0811c,E
Rv0812,E
Rv0817c,E
Rv0819,E
Rv0824c,E
Rv0846c,F
Rv0862c,F
Rv0872c,F
Rv0875c,E
Rv0883c,E
Rv0884c,E
Rv0893c,E
Rv0894,E
Rv0896,E
Rv0900,E
Rv0902c,E
Rv0903c,E
Rv0913c,E
Rv0937c,F
Rv0938,E
Rv0939,F
Rv0946c,E
Rv0949,E
Rv0950c,E
Rv0951,E
Rv0952,E
Rv0955,E
Rv0956,E
Rv0957,E
Rv0972c,E
Rv0973c,E
Rv0974c,E
Rv0979A,S
Rv0982,E
Rv0986,E
Rv0987,E
Rv0988,E
Rv0993,E
Rv1002c,E
Rv1005c,E
Rv1007c,E
Rv1010,F
Rv1011,E
Rv1013,E
Rv1014c,E
Rv1015c,E
Rv1016c,E
Rv1017c,E
Rv1018c,E
Rv1021,E
Rv1023,E
Rv1024,E
Rv1025,E
Rv1026,E
Rv1027c,E
Rv1028A,S
Rv1028c,E
Rv1044,E
Rv1072,E
Rv1076,E
Rv1078,E
Rv1080c,E
Rv1081c,E
Rv1086,E
Rv1089A,S
Rv1092c,E
Rv1093,E
Rv1094,E
Rv1098c,E
Rv1099c,E
Rv1109c,E
Rv1110,E
Rv1111c,E
Rv1116A,S
Rv1121,F
Rv1122,E
Rv1125,F
Rv1126c,E
Rv1128c,E
Rv1129c,F
Rv1131,F
Rv1132,F
Rv1133c,E
Rv1144,E
Rv1166,E
Rv1169c,E
Rv1173,E
Rv1177,E
Rv1180,F
Rv1182,E
Rv1183,E
Rv1184c,E
Rv1185c,E
Rv1186c,E
Rv1187,E
Rv1188,E
Rv1192,E
Rv1193,E
Rv1194c,E
Rv1201c,E
Rv1202,E
Rv1204c,E
Rv1208,E
Rv1211,E
Rv1215c,E
Rv1221,E
Rv1223,E
Rv1224,E
Rv1229c,E
Rv1232c,E
Rv1235,E
Rv1236,E
Rv1237,E
Rv1238,E
Rv1244,E
Rv1248c,E
Rv1253,F
Rv1254,E
Rv1255c,E
Rv1272c,E
Rv1274,E
Rv1278,E
Rv1281c,E
Rv1284,E
Rv1285,E
Rv1286,E
Rv1292,E
Rv1293,E
Rv1294,E
Rv1295,E
Rv1296,E
Rv1297,E
Rv1298,E
Rv1299,E
Rv1300,E
Rv1301,E
Rv1302,E
Rv1303,E
Rv1304,E
Rv1305,E
Rv1306,E
Rv1307,E
Rv1308,E
Rv1309,E
Rv1310,E
Rv1311,E
Rv1315,E
Rv1323,E
Rv1326c,E
Rv1327c,E
Rv1332,E
Rv1333,E
Rv1338,E
Rv1339,E
Rv1342c,E
Rv1347c,E
Rv1348,E
Rv1349,E
Rv1350,E
Rv1355c,F
Rv1359,F
Rv1371,E
Rv1380,E
Rv1381,E
Rv1382,E
Rv1383,E
Rv1384,E
Rv1388,E
Rv1389,E
Rv1390,E
Rv1391,E
Rv1392,E
Rv1400c,E
Rv1402,E
Rv1405c,E
Rv1406,E
Rv1408,E
Rv1409,E
Rv1410c,E
Rv1411c,E
Rv1415,E
Rv1416,E
Rv1420,E
Rv1421,F
Rv1422,E
Rv1423,E
Rv1436,E
Rv1437,E
Rv1438,E
Rv1446c,E
Rv1448c,E
Rv1449c,E
Rv1451,E
Rv1456c,E
Rv1457c,E
Rv1459c,E
Rv1460,E
Rv1461,E
Rv1462,E
Rv1463,E
Rv1464,E
Rv1465,E
Rv1466,E
Rv1469,E
Rv1473A,S
Rv1475c,E
Rv1476,E
Rv1477,E
Rv1479,E
Rv1480,E
Rv1481,E
Rv1483,E
Rv1484,E
Rv1485,E
Rv1489A,S
Rv1490,E
Rv1500,F
Rv1501,F
Rv1502,E
Rv1505c,E
Rv1507A,E
Rv1507c,E
Rv1509,E
Rv1512,E
Rv1514c,E
Rv1515c,F
Rv1516c,F
Rv1522c,F
Rv1524,E
Rv1536,E
Rv1538c,E
Rv1539,E
Rv1540,E
Rv1547,E
Rv1559,E
Rv1560,E
Rv1563c,F
Rv1564c,E
Rv1565c,E
Rv1568,E
Rv1569,E
Rv1575,E
Rv1582c,E
Rv1585c,E
Rv1589,E
Rv1590,E
Rv1594,E
Rv1595,E
Rv1596,E
Rv1599,E
Rv1600,E
Rv1601,E
Rv1602,E
Rv1603,E
Rv1605,E
Rv1606,E
Rv1609,E
Rv1610,E
Rv1611,E
Rv1612,E
Rv1613,E
Rv1614,E
Rv1617,E
Rv1620c,E
Rv1621c,E
Rv1622c,E
Rv1626,E
Rv1629,E
Rv1630,E
Rv1631,E
Rv1636,E
Rv1640c,E
Rv1641,E
Rv1643,E
Rv1649,E
Rv1650,E
Rv1652,E
Rv1653,E
Rv1654,E
Rv1655,E
Rv1656,E
Rv1658,E
Rv1659,E
Rv1661,E
Rv1662,E
Rv1663,E
Rv1683,E
Rv1685c,E
Rv1689,E
Rv1695,E
Rv1696,E
Rv1697,E
Rv1699,E
Rv1701,E
Rv1706A,S
Rv1708,E
Rv1710,E
Rv1711,E
Rv1712,E
Rv1713,E
Rv1714,E
Rv1715,E
Rv1730c,E
Rv1738,E
Rv1753c,E
Rv1773c,F
Rv1777,F
Rv1782,E
Rv1783,E
Rv1784,E
Rv1794,E
Rv1795,E
Rv1796,E
Rv1797,E
Rv1807,E
Rv1821,E
Rv1822,E
Rv1826,E
Rv1827,E
Rv1828,E
Rv1830,E
Rv1832,E
Rv1836c,E
Rv1837c,E
Rv1845c,E
Rv1850,E
Rv1854c,E
Rv1888A,S
Rv1908c,E
Rv1916,F
Rv1917c,E
Rv1918c,E
Rv1930c,E
Rv1931c,E
Rv1939,E
Rv1963c,E
Rv1974,E
Rv1990c,E
Rv2004c,E
Rv2006,E
Rv2008c,F
Rv2013,E
Rv2017,E
Rv2018,E
Rv2026c,E
Rv2037c,F
Rv2038c,E
Rv2040c,E
Rv2041c,E
Rv2047c,E
Rv2048c,E
Rv2050,E
Rv2051c,E
Rv2063c,E
Rv2072c,E
Rv2079,F
Rv2089c,F
Rv2093c,E
Rv2097c,E
Rv2109c,E
Rv2110c,E
Rv2111c,E
Rv2112c,E
Rv2115c,E
Rv2121c,E
Rv2122c,E
Rv2130c,E
Rv2131c,E
Rv2138,E
Rv2139,E
Rv2145c,E
Rv2147c,E
Rv2150c,E
Rv2151c,E
Rv2152c,E
Rv2153c,E
Rv2154c,E
Rv2155c,E
Rv2156c,E
Rv2157c,E
Rv2158c,E
Rv2160A,U
Rv2163c,E
Rv2164c,E
Rv2165c,E
Rv2166c,E
Rv2172c,E
Rv2174,E
Rv2178c,E
Rv2179c,E
Rv2182c,E
Rv2186c,E
Rv2188c,E
Rv2192c,E
Rv2193,E
Rv2194,E
Rv2195,E
Rv2196,E
Rv2198c,E
Rv2200c,E
Rv2201,E
Rv2202c,E
Rv2210c,E
Rv2211c,E
Rv2215,E
Rv2217,E
Rv2218,E
Rv2219,E
Rv2220,E
Rv2221c,E
Rv2224c,E
Rv2225,E
Rv2228c,E
Rv2229c,E
Rv2231c,E
Rv2235,E
Rv2241,E
Rv2242,E
Rv2244,E
Rv2245,E
Rv2246,E
Rv2247,E
Rv2251,E
Rv2260,E
Rv2268c,E
Rv2275,E
Rv2277c,E
Rv2282c,F
Rv2283,E
Rv2307D,S
Rv2317,E
Rv2319c,E
Rv2322c,E
Rv2325c,E
Rv2335,E
Rv2336,F
Rv2338c,E
Rv2339,E
Rv2343c,E
Rv2353c,F
Rv2357c,E
Rv2359,E
Rv2361c,E
Rv2364c,E
Rv2365c,E
Rv2373c,E
Rv2374c,E
Rv2378c,E
Rv2379c,E
Rv2380c,F
Rv2381c,E
Rv2382c,E
Rv2384,F
Rv2386c,E
Rv2387,E
Rv2388c,E
Rv2391,E
Rv2392,E
Rv2397c,E
Rv2398c,E
Rv2399c,E
Rv2400c,E
Rv2401A,S
Rv2409c,F
Rv2412,E
Rv2413c,E
Rv2416c,F
Rv2418c,E
Rv2421c,E
Rv2435c,F
Rv2437,E
Rv2438A,S
Rv2438c,E
Rv2439c,E
Rv2440c,E
Rv2441c,E
Rv2442c,E
Rv2444c,E
Rv2447c,E
Rv2448c,E
Rv2454c,E
Rv2455c,E
Rv2457c,E
Rv2460c,E
Rv2461c,E
Rv2465c,E
Rv2472,E
Rv2474c,E
Rv2476c,E
Rv2477c,E
Rv2483c,E
Rv2491,E
Rv2495c,F
Rv2496c,E
Rv2500c,E
Rv2502c,E
Rv2507,E
Rv2509,E
Rv2510c,E
Rv2511,E
Rv2515c,E
Rv2516c,E
Rv2524c,E
Rv2530A,S
Rv2533c,E
Rv2534c,E
Rv2537c,E
Rv2538c,E
Rv2539c,E
Rv2540c,E
Rv2552c,E
Rv2553c,E
Rv2554c,E
Rv2555c,E
Rv2567,F
Rv2572c,E
Rv2580c,E
Rv2582,E
Rv2583c,E
Rv2586c,E
Rv2587c,E
Rv2592c,E
Rv2601A,S
Rv2606c,E
Rv2610c,E
Rv2611c,E
Rv2612c,E
Rv2613c,E
Rv2614c,E
Rv2623,E
Rv2669,E
Rv2673,E
Rv2676c,E
Rv2677c,E
Rv2678c,E
Rv2682c,E
Rv2690c,E
Rv2692,E
Rv2696c,E
Rv2697c,E
Rv2698,E
Rv2700,E
Rv2702,E
Rv2703,E
Rv2707,E
Rv2710,E
Rv2720,E
Rv2726c,E
Rv2727c,E
Rv2734,E
Rv2737A,S
Rv2737c,F
Rv2739c,E
Rv2746c,E
Rv2747,E
Rv2748c,E
Rv2753c,E
Rv2754c,E
Rv2761c,F
Rv2763c,E
Rv2764c,E
Rv2773c,E
Rv2783c,E
Rv2786c,E
Rv2794c,E
Rv2808,E
Rv2812,E
Rv2813,E
Rv2817c,E
Rv2827c,E
Rv2828c,E
Rv2830c,E
Rv2832c,E
Rv2833c,E
Rv2835c,F
Rv2837c,E
Rv2838c,E
Rv2839c,E
Rv2841c,E
Rv2845c,E
Rv2846c,E
Rv2847c,E
Rv2855,E
Rv2856,E
Rv2857c,E
Rv2860c,F
Rv2861c,E
Rv2868c,E
Rv2869c,E
Rv2870c,E
Rv2881c,E
Rv2882c,E
Rv2883c,E
Rv2885c,E
Rv2889c,E
Rv2890c,E
Rv2897c,E
Rv2903c,E
Rv2904c,E
Rv2906c,E
Rv2907c,E
Rv2908c,E
Rv2909c,E
Rv2912c,E
Rv2916c,E
Rv2921c,E
Rv2922A,S
Rv2925c,E
Rv2926c,E
Rv2927c,E
Rv2936,E
Rv2937,E
Rv2938,E
Rv2942,E
Rv2945c,E
Rv2959c,F
Rv2967c,E
Rv2968c,E
Rv2969c,E
Rv2970A,S
Rv2971,E
Rv2976c,E
Rv2977c,E
Rv2981c,E
Rv2984,E
Rv2986c,E
Rv2987c,E
Rv2988c,E
Rv2992c,E
Rv2995c,E
Rv2996c,E
Rv2998,E
Rv2998A,S
Rv2999,E
Rv3001c,E
Rv3002c,E
Rv3003c,E
Rv3006,E
Rv3009c,E
Rv3011c,E
Rv3014c,E
Rv3018A,S
Rv3018c,E
Rv3021c,E
Rv3024c,E
Rv3025c,E
Rv3028c,E
Rv3029c,E
Rv3030,E
Rv3031,E
Rv3032,E
Rv3034c,E
Rv3035,E
Rv3038c,E
Rv3039c,F
Rv3042c,E
Rv3043c,E
Rv3044,E
Rv3048c,E
Rv3050c,E
Rv3051c,E
Rv3052c,E
Rv3053c,E
Rv3061c,E
Rv3082c,F
Rv3083,F
Rv3087,E
Rv3101c,E
Rv3102c,E
Rv3103c,E
Rv3105c,E
Rv3109,E
Rv3111,E
Rv3112,E
Rv3113,E
Rv3114,E
Rv3124,E
Rv3131,E
Rv3132c,E
Rv3135,E
Rv3137,E
Rv3139,E
Rv3140,E
Rv3148,E
Rv3150,F
Rv3151,F
Rv3156,F
Rv3157,E
Rv3160c,E
Rv3168,E
Rv3177,E
Rv3178,E
Rv3193c,E
Rv3196A,S
Rv3198c,E
Rv3201c,E
Rv3206c,E
Rv3208,E
Rv3210c,E
Rv3212,E
Rv3215,E
Rv3221A,S
Rv3222c,E
Rv3224A,S
Rv3227,E
Rv3229c,E
Rv3230c,E
Rv3236c,E
Rv3240c,E
Rv3243c,E
Rv3244c,E
Rv3245c,E
Rv3246c,E
Rv3247c,E
Rv3248c,E
Rv3255c,E
Rv3257c,E
Rv3258c,E
Rv3264c,E
Rv3265c,E
Rv3266c,E
Rv3267,E
Rv3269,E
Rv3270,E
Rv3271c,E
Rv3275c,E
Rv3276c,E
Rv3277,E
Rv3280,E
Rv3281,E
Rv3283,F
Rv3284,F
Rv3285,E
Rv3302c,E
Rv3332,E
Rv3335c,E
Rv3336c,E
Rv3341,E
Rv3343c,E
Rv3356c,E
Rv3371,E
Rv3372,E
Rv3375,E
Rv3377c,E
Rv3378c,E
Rv3396c,E
Rv3398c,E
Rv3400,E
Rv3410c,E
Rv3411c,E
Rv3417c,E
Rv3418c,E
Rv3419c,E
Rv3422c,E
Rv3423c,E
Rv3427c,E
Rv3436c,E
Rv3441c,E
Rv3442c,E
Rv3443c,E
Rv3455c,E
Rv3456c,E
Rv3457c,E
Rv3458c,E
Rv3459c,E
Rv3460c,E
Rv3462c,E
Rv3464,E
Rv3465,E
Rv3472,E
Rv3484,E
Rv3489,E
Rv3490,E
Rv3495c,E
Rv3497c,E
Rv3499c,E
Rv3501c,E
Rv3502c,E
Rv3508,E
Rv3512,F
Rv3514,E
Rv3519,E
Rv3523,E
Rv3531c,F
Rv3534c,E
Rv3538,E
Rv3540c,E
Rv3541c,E
Rv3542c,E
Rv3544c,E
Rv3545c,E
Rv3551,E
Rv3556c,E
Rv3559c,E
Rv3560c,E
Rv3563,E
Rv3564,E
Rv3566A,S
Rv3568c,F
Rv3569c,F
Rv3570c,F
Rv3574,E
Rv3579c,E
Rv3580c,E
Rv3581c,E
Rv3582c,E
Rv3583c,E
Rv3587c,E
Rv3588c,E
Rv3591c,F
Rv3593,E
Rv3596c,E
Rv3597c,E
Rv3598c,E
Rv3601c,E
Rv3602c,E
Rv3603c,E
Rv3604c,E
Rv3607c,E
Rv3608c,E
Rv3609c,E
Rv3610c,E
Rv3611,E
Rv3614c,E
Rv3615c,E
Rv3616c,E
Rv3624c,E
Rv3625c,E
Rv3627c,E
Rv3628,E
Rv3631,E
Rv3634c,E
Rv3635,E
Rv3644c,E
Rv3645,E
Rv3646c,E
Rv3648c,E
Rv3649,E
Rv3651,E
Rv3657c,E
Rv3658c,E
Rv3660c,E
Rv3663c,E
Rv3664c,F
Rv3666c,E
Rv3669,E
Rv3670,E
Rv3671c,E
Rv3678A,S
Rv3679,E
Rv3683,E
Rv3696c,E
Rv3701c,E
Rv3708c,E
Rv3709c,E
Rv3710,E
Rv3712,E
Rv3713,E
Rv3717,E
Rv3721c,E
Rv3722c,E
Rv3723,E
Rv3752c,E
Rv3754,E
Rv3758c,E
Rv3764c,E
Rv3770A,S
Rv3778c,E
Rv3780,E
Rv3781,E
Rv3782,E
Rv3783,E
Rv3789,E
Rv3790,E
Rv3791,E
Rv3792,E
Rv3793,E
Rv3794,E
Rv3795,E
Rv3799c,E
Rv3800c,E
Rv3801c,E
Rv3802c,E
Rv3805c,E
Rv3806c,E
Rv3808c,E
Rv3809c,E
Rv3810,E
Rv3823c,E
Rv3824c,F
Rv3826,F
Rv3834c,E
Rv3838c,E
Rv3846,E
Rv3855,E
Rv3858c,E
Rv3859c,E
Rv3863,F
Rv3864,E
Rv3868,E
Rv3869,E
Rv3870,E
Rv3871,E
Rv3872,E
Rv3873,E
Rv3876,E
Rv3877,E
Rv3882c,E
Rv3902c,E
Rv3907c,E
Rv3909,E
Rv3910,E
Rv3913,E
Rv3915,E
Rv3917c,E
Rv3918c,E
Rv3921c,E
Rv3923c,E
